"","fly","class","order","family","genus.species","common.name","typical.diet","food.cat","mass","food","N_tot","total_transit","total_MRT","transit","MRT","re_class","transit_hrs","MRT_hrs","mass_kg"
"1","Y","Mammalia","Chiroptera","Pteropodidae","Eidolon helvum","Straw-colored fruit bat","frugivore/nectarivore","fruit/nectar/pollen",270.65,"fruit/nectar/pollen",20,2320,NA,116,NA,"Bats",1.93333333333333,NA,0.27065
"2","N","Mammalia","Perissodactyla","Equidae","Equus caballus","horse","folivore","fiber/foliage",563500,"fiber/foliage",21,77216.3522144,NA,3676.96915306667,NA,"Ungulates",61.2828192177778,NA,563.5
"3","N","Mammalia","Perissodactyla","Equidae","Equus caballus","horse","folivore","fiber/foliage",509000,"fiber/foliage",21,77216.3522144,NA,3676.96915306667,NA,"Ungulates",61.2828192177778,NA,509
"4","N","Mammalia","Perissodactyla","Equidae","Equus caballus","horse","folivore","fiber/foliage",528000,"fiber/foliage",21,77216.3522144,NA,3676.96915306667,NA,"Ungulates",61.2828192177778,NA,528
"5","N","Mammalia","Perissodactyla","Equidae","Equus caballus","horse","folivore","fiber/foliage",5e+05,"fiber/foliage",21,77216.3522144,NA,3676.96915306667,NA,"Ungulates",61.2828192177778,NA,500
"6","Y","Mammalia","Chiroptera","Phyllostomidae","Carollia perspicillata","Seba's short-tailed bat","frugivore/nectarivore","fruit/nectar/pollen",15,"fruit/nectar/pollen",24,553.2,NA,23.05,NA,"Bats",0.384166666666667,NA,0.015
"7","Y","Mammalia","Chiroptera","Phyllostomidae","Carollia perspicillata","Seba's short-tailed bat","frugivore/nectarivore","fruit/nectar/pollen",18,"fruit/nectar/pollen",24,553.2,NA,23.05,NA,"Bats",0.384166666666667,NA,0.018
"8","N","Reptilia","Squamata","Pythonidae","Python regius","Ball python","carnivore","label-solution",1300,"label-solution",18,56160,NA,3120,NA,"Reptiles",52,NA,1.3
"9","N","Mammalia","Primates","Hominidae","Pan paniscus","Bonobo","frugivore/nectarivore","fruit/nectar/pollen",39000,"fruit/nectar/pollen",19,27360,NA,1440,NA,"Primates",24,NA,39
"10","N","Mammalia","Lagomorpha","Leporidae","Oryctolagus cuniculus","domestic rabbit","folivore","fiber/foliage",1047,"fiber/foliage",65,25422,NA,391.107692307692,NA,"Lagomorphs",6.51846153846154,NA,1.047
"11","N","Mammalia","Lagomorpha","Leporidae","Oryctolagus cuniculus","domestic rabbit","folivore","fiber/foliage",2900,"fiber/foliage",65,25422,NA,391.107692307692,NA,"Lagomorphs",6.51846153846154,NA,2.9
"12","N","Mammalia","Lagomorpha","Leporidae","Oryctolagus cuniculus","domestic rabbit","folivore","fiber/foliage",1757,"fiber/foliage",65,25422,NA,391.107692307692,NA,"Lagomorphs",6.51846153846154,NA,1.757
"13","N","Mammalia","Lagomorpha","Leporidae","Oryctolagus cuniculus","domestic rabbit","folivore","fiber/foliage",1450,"fiber/foliage",65,25422,NA,391.107692307692,NA,"Lagomorphs",6.51846153846154,NA,1.45
"14","N","Mammalia","Primates","Cercopithecidae","Cercopithecus lhoesti ","L’Hoest’s monkey ","folivore","fiber/foliage",3550,"fiber/foliage",2,2832,3124,1416,1562,"Primates",23.6,26.0333333333333,3.55
"15","N","Mammalia","Primates","Cercopithecidae","Allenopithecus nigroviridis ","Allen’s swamp monkey ","folivore","fiber/foliage",9800,"fiber/foliage",3,3960,4239.9999,1320,1413.3333,"Primates",22,23.555555,9.8
"16","N","Mammalia","Carnivora","Mustelidae","Neovison vison","American mink","carnivore","protein",1347.5,"protein",19,3504.4,NA,184.442105263158,NA,"Carnivores",3.0740350877193,NA,1.3475
"17","N","Mammalia","Carnivora","Mustelidae","Neovison vison","American mink","carnivore","protein",8350,"protein",19,3504.4,NA,184.442105263158,NA,"Carnivores",3.0740350877193,NA,8.35
"18","N","Mammalia","Carnivora","Mustelidae","Mustela putorius furo","European ferret","carnivore","protein",1357,"protein",18,3272.4,NA,181.8,NA,"Carnivores",3.03,NA,1.357
"19","Y","Aves","Columbiformes","Columbidae","Columba livia","Rock dove","omnivore","label-solution",358.7,"label-solution",6,1620,NA,270,NA,"Flying Birds",4.5,NA,0.3587
"20","Y","Mammalia","Chiroptera","Pteropodidae","Cynopterus brachyotis","Lesser Short-nosed Fruit Bat","frugivore/nectarivore","fruit/nectar/pollen",37.3,"fruit/nectar/pollen",10,130,NA,13,NA,"Bats",0.216666666666667,NA,0.0373
"21","N","Mammalia","Lagomorpha","Leporidae","Oryctolagus cuniculus","domestic rabbit","folivore","label-solution",3100,"label-solution",7,1442,NA,206,NA,"Lagomorphs",3.43333333333333,NA,3.1
"22","Y","Aves","Passeriformes","Zosteropidae","Zosterops pallidus","Cape White-eye","omnivore","fruit/nectar/pollen",10.62,"fruit/nectar/pollen",20,475.5,NA,23.775,NA,"Flying Birds",0.39625,NA,0.01062
"23","Y","Aves","Passeriformes","Zosteropidae","Zosterops pallidus","Cape White-eye","omnivore","fruit/nectar/pollen",10.68,"fruit/nectar/pollen",20,475.5,NA,23.775,NA,"Flying Birds",0.39625,NA,0.01068
"24","Y","Aves","Passeriformes","Zosteropidae","Zosterops pallidus","Cape White-eye","omnivore","protein",10.19,"protein",10,117.2,NA,11.72,NA,"Flying Birds",0.195333333333333,NA,0.01019
"25","Y","Mammalia","Chiroptera","Vespertilionidae","Myotis lucifugus","little brown bat","insectivore","protein",9.5,"protein",2,205,NA,102.5,NA,"Bats",1.70833333333333,NA,0.0095
"26","N","Mammalia","Carnivora","Canidae","Canis familiaris","domestic dog","carnivore","protein",10000,"protein",38,61644,NA,1622.21052631579,NA,"Carnivores",27.0368421052632,NA,10
"27","N","Mammalia","Carnivora","Canidae","Canis familiaris","domestic dog","carnivore","protein",11550,"protein",38,61644,NA,1622.21052631579,NA,"Carnivores",27.0368421052632,NA,11.55
"28","N","Mammalia","Carnivora","Canidae","Canis familiaris","domestic dog","carnivore","protein",15500,"protein",38,61644,NA,1622.21052631579,NA,"Carnivores",27.0368421052632,NA,15.5
"29","N","Mammalia","Carnivora","Canidae","Canis familiaris","domestic dog","carnivore","protein",19300,"protein",38,61644,NA,1622.21052631579,NA,"Carnivores",27.0368421052632,NA,19.3
"30","N","Mammalia","Carnivora","Canidae","Canis familiaris","domestic dog","carnivore","protein",11600,"protein",38,61644,NA,1622.21052631579,NA,"Carnivores",27.0368421052632,NA,11.6
"31","Y","Aves","Galliformes","Phasianidae","Gallus gallus domestics","domestic chicken","omnivore","fiber/foliage",2580.2,"fiber/foliage",233,41275.7333336,NA,177.149070101288,NA,"Flying Birds",2.95248450168813,NA,2.5802
"32","N","Mammalia","Primates","Lemuridae","Varecia variegata","black-and-white-ruffed lemur","frugivore/nectarivore","fiber/foliage",3622,"fiber/foliage",6,1423.8,2775.6,237.3,462.6,"Primates",3.955,7.71,3.622
"33","N","Mammalia","Primates","Lemuridae","Eulemur fulvus","common brown lemur ","frugivore/nectarivore","fiber/foliage",2258.6,"fiber/foliage",6,1152,3306.6,192,551.1,"Primates",3.2,9.185,2.2586
"34","N","Mammalia","Primates","Indriidae","Propithecus verreauxi coquereli ","Coquerel's sifaka","folivore","fiber/foliage",3396,"fiber/foliage",6,8830.8,12466.8,1471.8,2077.8,"Primates",24.53,34.63,3.396
"35","N","Mammalia","Primates","Lemuridae","Hapalemur griseus","Eastern lesser bamboo lemur","folivore","fiber/foliage",1050,"fiber/foliage",6,10900.8,16808.4,1816.8,2801.4,"Primates",30.28,46.69,1.05
"36","Y","Mammalia","Chiroptera","Vespertilionidae","Nyctalus noctula","Noctule","insectivore","protein",27,"protein",10,658,NA,65.8,NA,"Bats",1.09666666666667,NA,0.027
"37","Y","Mammalia","Chiroptera","Vespertilionidae","Nyctalus noctula","Noctule","insectivore","protein",27.5,"protein",10,658,NA,65.8,NA,"Bats",1.09666666666667,NA,0.0275
"38","N","Mammalia","Carnivora","Mustelidae","Lutra canadensus","Northern river otter","carnivore","protein",9500,"protein",12,2424,NA,202,NA,"Carnivores",3.36666666666667,NA,9.5
"39","N","Reptilia","Testudines","Cheloniidae","Caretta caretta","Loggerhead sea turtle","omnivore","label-solution",10187.5,"label-solution",8,204480,NA,25560,NA,"Reptiles",426,NA,10.1875
"40","Y","Aves","Accipitriformes","Accipitridae","Buteo jamaicensis","Red-tailed hawks","carnivore","label-solution",1009.5,"label-solution",9,900,NA,100,NA,"Flying Birds",1.66666666666667,NA,1.0095
"41","Y","Aves","Strigiformes","Strigidae","Srix varia","Barred owl","carnivore","label-solution",790,"label-solution",12,654.999996,NA,54.583333,NA,"Flying Birds",0.909722216666667,NA,0.79
"42","Y","Mammalia","Chiroptera","Vespertilionidae"," Nyctophilus gouldi","Gould's long-eared bat","insectivore","protein",9,"protein",36,2027.999988,NA,56.333333,NA,"Bats",0.938888883333333,NA,0.009
"43","N","Reptilia","Squamata","Agamidae","Pogona vitticeps","Bearded dragon","omnivore","label-solution",243.4,"label-solution",7,13020,NA,1860,NA,"Reptiles",31,NA,0.2434
"44","N","Mammalia","Artiodactyla","Bovidae","Bos taurus","cow","folivore","fiber/foliage",642000,"fiber/foliage",20,18922.2857144,NA,946.11428572,NA,"Ungulates",15.7685714286667,NA,642
"45","N","Mammalia","Artiodactyla","Bovidae","Bos taurus","cow","folivore","fiber/foliage",340000,"fiber/foliage",20,18922.2857144,NA,946.11428572,NA,"Ungulates",15.7685714286667,NA,340
"46","N","Mammalia","Artiodactyla","Bovidae","Bos taurus","cow","folivore","fiber/foliage",571000,"fiber/foliage",20,18922.2857144,NA,946.11428572,NA,"Ungulates",15.7685714286667,NA,571
"47","N","Mammalia","Artiodactyla","Bovidae","Bos taurus","cow","folivore","fiber/foliage",561000,"fiber/foliage",20,18922.2857144,NA,946.11428572,NA,"Ungulates",15.7685714286667,NA,561
"48","Y","Mammalia","Chiroptera","Phyllostomidae","Anoura geoffroyi","Geoffrey's tailless bat","omnivore","fruit/nectar/pollen",14.5,"fruit/nectar/pollen",22,2460,NA,111.818181818182,NA,"Bats",1.86363636363636,NA,0.0145
"49","Y","Mammalia","Chiroptera","Phyllostomidae","Anoura geoffroyi","Geoffrey's tailless bat","omnivore","fruit/nectar/pollen",14.4,"fruit/nectar/pollen",22,2460,NA,111.818181818182,NA,"Bats",1.86363636363636,NA,0.0144
"50","Y","Mammalia","Chiroptera","Phyllostomidae","Anoura geoffroyi","Geoffrey's tailless bat","omnivore","fruit/nectar/pollen",15,"fruit/nectar/pollen",22,2460,NA,111.818181818182,NA,"Bats",1.86363636363636,NA,0.015
"51","Y","Mammalia","Chiroptera","Phyllostomidae","Leptonycteris curasoae","Southern long-nosed bat","frugivore/nectarivore","fruit/nectar/pollen",23.3,"fruit/nectar/pollen",5,575,NA,115,NA,"Bats",1.91666666666667,NA,0.0233
"52","Y","Mammalia","Chiroptera","Phyllostomidae","Artibeus jamaicensis","Jamaican fruit bat","frugivore/nectarivore","fruit/nectar/pollen",39.9,"fruit/nectar/pollen",26,2921.1,NA,112.35,NA,"Bats",1.8725,NA,0.0399
"53","Y","Mammalia","Chiroptera","Phyllostomidae","Artibeus jamaicensis","Jamaican fruit bat","frugivore/nectarivore","fruit/nectar/pollen",42.1,"fruit/nectar/pollen",26,2921.1,NA,112.35,NA,"Bats",1.8725,NA,0.0421
"54","Y","Mammalia","Chiroptera","Phyllostomidae","Artibeus jamaicensis","Jamaican fruit bat","frugivore/nectarivore","fruit/nectar/pollen",38.2,"fruit/nectar/pollen",26,2921.1,NA,112.35,NA,"Bats",1.8725,NA,0.0382
"55","Y","Mammalia","Chiroptera","Phyllostomidae","Artibeus jamaicensis","Jamaican fruit bat","frugivore/nectarivore","fruit/nectar/pollen",39.7,"fruit/nectar/pollen",26,2921.1,NA,112.35,NA,"Bats",1.8725,NA,0.0397
"56","Y","Mammalia","Chiroptera","Phyllostomidae","Sturnira lilium","little yellow-shouldered bat","frugivore/nectarivore","fruit/nectar/pollen",20.3,"fruit/nectar/pollen",13,1375.4,NA,105.8,NA,"Bats",1.76333333333333,NA,0.0203
"57","Y","Mammalia","Chiroptera","Phyllostomidae","Sturnira lilium","little yellow-shouldered bat","frugivore/nectarivore","fruit/nectar/pollen",21.4,"fruit/nectar/pollen",13,1375.4,NA,105.8,NA,"Bats",1.76333333333333,NA,0.0214
"58","Y","Mammalia","Chiroptera","Phyllostomidae","Sturnira lilium","little yellow-shouldered bat","frugivore/nectarivore","fruit/nectar/pollen",20,"fruit/nectar/pollen",13,1375.4,NA,105.8,NA,"Bats",1.76333333333333,NA,0.02
"59","N","Reptilia","Testudines","Emydidae","Terrapene carolina","Florida box Turtle","omnivore","label-solution",359.5,"label-solution",11,236148,NA,21468,NA,"Reptiles",357.8,NA,0.3595
"60","N","Mammalia","Rodentia","Cricetidae","Mesocricetus auratus","hamster","folivore","fiber/foliage",105,"fiber/foliage",8,4896,NA,612,NA,"Rodents",10.2,NA,0.105
"61","N","Mammalia","Artiodactyla","Giraffidae","Okapia johnstoni","Okapi","folivore","fiber/foliage",290000,"fiber/foliage",4,4050,NA,1012.5,NA,"Ungulates",16.875,NA,290
"62","N","Mammalia","Primates","Cercopithecidae","Rhinopithecus bieti","Snub-Nosed Monkey","folivore","fruit/nectar/pollen",11750,"fruit/nectar/pollen",3,4680,6750,1560,2250,"Primates",26,37.5,11.75
"63","N","Mammalia","Primates","Cercopithecidae","Rhinopithecus bieti","Snub-Nosed Monkey","folivore","fiber/foliage",11750,"fiber/foliage",3,5400,11880,1800,3960,"Primates",30,66,11.75
"64","N","Aves","Sphenisciformes","Spheniscidae","Spheniscus demersus","African penguin","carnivore","label-solution",3100,"label-solution",12,12672,NA,1056,NA,"Non-Flying Birds",17.6,NA,3.1
"65","Y","Mammalia","Chiroptera","Mormoopidae","Pteronotus rubiginosa","Parnell's mustached bat","insectivore","label-solution",24.1,"label-solution",5,600,NA,120,NA,"Bats",2,NA,0.0241
"66","Y","Mammalia","Chiroptera","Phyllostomidae","Carollia perspicillata","Seba's short-tailed bat","frugivore/nectarivore","label-solution",17.3,"label-solution",5,600,NA,120,NA,"Bats",2,NA,0.0173
"67","Y","Mammalia","Chiroptera","Molossidae","Molossus molossus","Velvety free-tailed bat","insectivore","label-solution",10.7,"label-solution",5,600,NA,120,NA,"Bats",2,NA,0.0107
"68","N","Mammalia","Artiodactyla","Bovidae","Ovis aries","domestic sheep","folivore","fiber/foliage",43600,"fiber/foliage",14,11880,34080,848.571428571429,2434.28571428571,"Ungulates",14.1428571428571,40.5714285714286,43.6
"69","N","Mammalia","Artiodactyla","Bovidae","Ovis aries","domestic sheep","folivore","fiber/foliage",33600,"fiber/foliage",14,11880,34080,848.571428571429,2434.28571428571,"Ungulates",14.1428571428571,40.5714285714286,33.6
"70","Y","Aves","Psittaciformes","Psittacidae","Psittacus erithacus","African grey parrot","omnivore","label-solution",446,"label-solution",8,2100,NA,262.5,NA,"Flying Birds",4.375,NA,0.446
"71","N","Mammalia","Primates","Cercopithecidae","Cercopithecus ascanius","Red-tailed monkey","frugivore/nectarivore","fruit/nectar/pollen",5200,"fruit/nectar/pollen",2,2364,3264,1182,1632,"Primates",19.7,27.2,5.2
"72","N","Mammalia","Primates","Cercopithecidae","Cercopithecus mitis","Blue monkey","frugivore/nectarivore","fruit/nectar/pollen",8600,"fruit/nectar/pollen",2,2028,3000,1014,1500,"Primates",16.9,25,8.6
"73","N","Mammalia","Primates","Cercopithecidae","Cercopithecus neglectus","De Brazza's monkey","frugivore/nectarivore","fruit/nectar/pollen",6500,"fruit/nectar/pollen",2,2472,4092,1236,2046,"Primates",20.6,34.1,6.5
"74","N","Mammalia","Primates","Cercopithecidae","Cercopithecus talapoin","Talapoin monkey","frugivore/nectarivore","fruit/nectar/pollen",1600,"fruit/nectar/pollen",2,1440,2016,720,1008,"Primates",12,16.8,1.6
"75","N","Mammalia","Primates","Hominidae","Pan troglodytes","Chimpanzee","omnivore","fruit/nectar/pollen",58400,"fruit/nectar/pollen",2,2784,3780,1392,1890,"Primates",23.2,31.5,58.4
"76","Y","Mammalia","Chiroptera","Phyllostomidae","Phyllostomus discolor","pale spear-nosed bat","omnivore","fruit/nectar/pollen",35,"fruit/nectar/pollen",6,201.6,NA,33.6,NA,"Bats",0.56,NA,0.035
"77","N","Mammalia","Artiodactyla","Suidae","Sus scrofa","pig","omnivore","fiber/foliage",169000,"fiber/foliage",30,43630.8,NA,1454.36,NA,"Ungulates",24.2393333333333,NA,169
"78","Y","Mammalia","Chiroptera","Pteropodidae","Syconycteris australis","Common blossum bat","frugivore/nectarivore","fruit/nectar/pollen",19.7,"fruit/nectar/pollen",6,399,639,66.5,106.5,"Bats",1.10833333333333,1.775,0.0197
"79","N","Mammalia","Carnivora","Canidae","Canis familiaris","domestic dog","carnivore","fiber/foliage",11339.825,"fiber/foliage",5,2166,NA,433.2,NA,"Carnivores",7.22,NA,11.339825
"80","N","Reptilia","Testudines","Emydidae","Trachemys scripta elegans","Red-eared Slider Turtle","omnivore","label-solution",566.5,"label-solution",8,59520,NA,7440,NA,"Reptiles",124,NA,0.5665
"81","N","Mammalia","Carnivora","Felidae","Felis catus","domestic cat","carnivore","protein",4200,"protein",50,75514.2,NA,1510.284,NA,"Carnivores",25.1714,NA,4.2
"82","N","Mammalia","Carnivora","Felidae","Felis catus","domestic cat","carnivore","protein",3395,"protein",50,75514.2,NA,1510.284,NA,"Carnivores",25.1714,NA,3.395
"83","N","Mammalia","Carnivora","Felidae","Felis catus","domestic cat","carnivore","protein",3900,"protein",50,75514.2,NA,1510.284,NA,"Carnivores",25.1714,NA,3.9
"84","Y","Mammalia","Chiroptera","Vespertilionidae","Eptesicus fuscus","Big Brown Bat","insectivore","protein",17.23,"protein",22,2684,NA,122,NA,"Bats",2.03333333333333,NA,0.01723
"85","N","Mammalia","Primates","Cercopithecidae","Cercopithecus (mona) pogonias","Crested mona monkey","frugivore/nectarivore","fruit/nectar/pollen",3300,"fruit/nectar/pollen",2,1992,3228,996,1614,"Primates",16.6,26.9,3.3
"86","N","Mammalia","Primates","Cercopithecidae","Cercopithecus (cephus) ascanius","Red-tailed monkey","frugivore/nectarivore","fruit/nectar/pollen",3585,"fruit/nectar/pollen",1,1236,1602,1236,1602,"Primates",20.6,26.7,3.585
"87","N","Mammalia","Primates","Cercopithecidae","Cercopithecus (cephus) erythrotis","Red-eared guenon","frugivore/nectarivore","fruit/nectar/pollen",3585,"fruit/nectar/pollen",1,1236,1602,1236,1602,"Primates",20.6,26.7,3.585
"88","N","Mammalia","Primates","Cercopithecidae","Lophocebus albigena","Gray-cheecked mangabey","frugivore/nectarivore","fruit/nectar/pollen",5300,"fruit/nectar/pollen",2,2724,4560,1362,2280,"Primates",22.7,38,5.3
"89","Y","Mammalia","Chiroptera","Phyllostomidae","Brachyphylla nana","Antillean nectar bat","omnivore","fruit/nectar/pollen",34.3,"fruit/nectar/pollen",8,326.4,NA,40.8,NA,"Bats",0.68,NA,0.0343
"90","Y","Aves","Passeriformes","Nectariniidae","Cinnyris osea","Palestine sunbird","frugivore/nectarivore","fruit/nectar/pollen",6.15,"fruit/nectar/pollen",14,484.4,NA,34.6,NA,"Flying Birds",0.576666666666667,NA,0.00615
"91","Y","Aves","Psittaciformes","Psittacidae","Nymphicus hollandicus","Cockatiel","frugivore/nectarivore","label-solution",97,"label-solution",12,720,NA,60,NA,"Flying Birds",1,NA,0.097
"92","N","Mammalia","Artiodactyla","Monodontidae","Delphinapterus leucas","beluga whale","carnivore","protein",718333.3333,"protein",3,36540,NA,12180,NA,"Ungulates",203,NA,718.3333333
"93","N","Mammalia","Peramelemorphia","Peramelidae","Isoodon macrourus","northern brown bandicoot","omnivore","protein",1368,"protein",5,1755,8130,351,1626,"Marsupials",5.85,27.1,1.368
"94","N","Mammalia","Peramelemorphia","Peramelidae","Isoodon macrourus","northern brown bandicoot","omnivore","fiber/foliage",977.5,"fiber/foliage",5,450,5610,90,1122,"Marsupials",1.5,18.7,0.9775
"95","N","Reptilia","Squamata","Cordylidae","Cordylus melanotus","common crag lizard","omnivore","protein",47.6,"protein",19,164491.17,NA,8657.43,NA,"Reptiles",144.2905,NA,0.0476
"96","N","Reptilia","Testudines","Testudinidae","Stigmochelys pardalis ","leopard tortoise","folivore","fiber/foliage",11650,"fiber/foliage",6,36720,NA,6120,NA,"Reptiles",102,NA,11.65
"97","N","Reptilia","Testudines","Testudinidae","Stigmochelys pardalis ","leopard tortoise","folivore","fruit/nectar/pollen",146527.5,"fruit/nectar/pollen",6,19440,NA,3240,NA,"Reptiles",54,NA,146.5275
"98","N","Reptilia","Squamata","Scincidae","Trachylepis margaritifer","Rainbow Skinks","carnivore","protein",37.3,"protein",15,40725,NA,2715,NA,"Reptiles",45.25,NA,0.0373
"99","Y","Aves","Passeriformes","Dicaeidae","Dicaeum hirundinaceum","mistletoe bird","frugivore/nectarivore","fruit/nectar/pollen",9.25,"fruit/nectar/pollen",4,54.66666668,NA,13.66666667,NA,"Flying Birds",0.227777777833333,NA,0.00925
"100","Y","Aves","Passeriformes","Meliphagidae","Acanthagenys refogularis","spiny cheeked honeyeater","omnivore","fruit/nectar/pollen",54.5,"fruit/nectar/pollen",6,243.40000002,NA,40.56666667,NA,"Flying Birds",0.676111111166667,NA,0.0545
"101","Y","Aves","Galliformes","Phasianidae","Coturnix coturnix japonica","Japanese quail","omnivore","protein",144,"protein",64,4992,NA,78,NA,"Flying Birds",1.3,NA,0.144
"102","N","Mammalia","Primates","Pitheciidae","Pithecia pithecia","white-faced saki","folivore","fiber/foliage",1712.5,"fiber/foliage",4,3504,6150,876,1537.5,"Primates",14.6,25.625,1.7125
"103","Y","Mammalia","Chiroptera","Pteropodidae","Pteropus rufus","Madagascan Flying Fox","frugivore/nectarivore","fruit/nectar/pollen",625,"fruit/nectar/pollen",4,120,120,30,30,"Bats",0.5,0.5,0.625
"104","N","Mammalia","Rodentia","Cricetidae","Lasiopodomys brandtii","Brandt's vole","folivore","fruit/nectar/pollen",4.9,"fruit/nectar/pollen",11,495,4191,45,381,"Rodents",0.75,6.35,0.0049
"105","N","Mammalia","Rodentia","Muridae","Meriones unguiculatus","Mongolian gerbils","folivore","fiber/foliage",51.3,"fiber/foliage",11,742.5,7227,67.5,657,"Rodents",1.125,10.95,0.0513
"106","Y","Mammalia","Chiroptera","Vespertilionidae","Pipistrellus pipistrellus","Common pipistrelle","insectivore","protein",5.1,"protein",7,483,1778,69,254,"Bats",1.15,4.23333333333333,0.0051
"107","Y","Mammalia","Chiroptera","Vespertilionidae","Plecotus auritus","Brown long-eared bat","insectivore","protein",6.9,"protein",6,552,792,92,132,"Bats",1.53333333333333,2.2,0.0069
"108","Y","Mammalia","Chiroptera","Vespertilionidae","Myotis nattereri","Natterer's bat","insectivore","protein",6.8,"protein",3,231,564,77,188,"Bats",1.28333333333333,3.13333333333333,0.0068
"109","Y","Mammalia","Chiroptera","Vespertilionidae","Myotis daubentonii","Daubenton's bat","insectivore","protein",7.6,"protein",17,1530,3094,90,182,"Bats",1.5,3.03333333333333,0.0076
"110","Y","Mammalia","Chiroptera","Vespertilionidae","Myotis bechsteinii","Bechstein's bat","insectivore","protein",8,"protein",5,475,1545,95,309,"Bats",1.58333333333333,5.15,0.008
"111","Y","Mammalia","Chiroptera","Vespertilionidae","Vespertilio murinus","Parti-colored bat","insectivore","protein",14.3,"protein",5,510,1210,102,242,"Bats",1.7,4.03333333333333,0.0143
"112","Y","Mammalia","Chiroptera","Vespertilionidae","Nyctalus leisleri","Lesser Noctule","insectivore","protein",12.5,"protein",3,612,777,204,259,"Bats",3.4,4.31666666666667,0.0125
"113","Y","Mammalia","Chiroptera","Vespertilionidae","Eptesicus serotinus","Serotine bat","insectivore","protein",23.1,"protein",5,440,870,88,174,"Bats",1.46666666666667,2.9,0.0231
"114","Y","Mammalia","Chiroptera","Vespertilionidae","Myotis myotis","Greater mouse-eared bat","insectivore","protein",25.8,"protein",17,836,NA,49.1764705882353,NA,"Bats",0.819607843137255,NA,0.0258
"115","Y","Mammalia","Chiroptera","Vespertilionidae","Myotis myotis","Greater mouse-eared bat","insectivore","protein",21,"protein",17,836,NA,49.1764705882353,NA,"Bats",0.819607843137255,NA,0.021
"116","N","Reptilia","Squamata","Lacertidae","Podarcis erhardii","Aegean wall lizard","carnivore","protein",5.78,"protein",47,122200,NA,2600,NA,"Reptiles",43.3333333333333,NA,0.00578
"117","N","Mammalia","Rodentia","Echimyidae","Myocastor coypus","nutria","folivore","fiber/foliage",4400,"fiber/foliage",5,1740,13503,348,2700.6,"Rodents",5.8,45.01,4.4
"118","N","Mammalia","Rodentia","Caviidae","Cavia porcellus","guinea pig","folivore","fiber/foliage",1000,"fiber/foliage",23,5820,27124.2,253.04347826087,1179.31304347826,"Rodents",4.21739130434783,19.6552173913043,1
"119","N","Mammalia","Rodentia","Caviidae","Cavia porcellus","guinea pig","folivore","fiber/foliage",377,"fiber/foliage",23,5820,27124.2,253.04347826087,1179.31304347826,"Rodents",4.21739130434783,19.6552173913043,0.377
"120","N","Mammalia","Rodentia","Caviidae","Cavia porcellus","guinea pig","folivore","fiber/foliage",410,"fiber/foliage",23,5820,27124.2,253.04347826087,1179.31304347826,"Rodents",4.21739130434783,19.6552173913043,0.41
"121","N","Mammalia","Rodentia","Echimyidae","Myocarter coypus","nutria","folivore","label-solution",4400,"label-solution",5,1500,13251,300,2650.2,"Rodents",5,44.17,4.4
"122","N","Mammalia","Rodentia","Caviidae","Cavia porcellus","guinea pig","folivore","label-solution",1000,"label-solution",23,6539.4,NA,284.321739130435,NA,"Rodents",4.73869565217391,NA,1
"123","N","Mammalia","Rodentia","Caviidae","Cavia porcellus","guinea pig","folivore","label-solution",642,"label-solution",23,6539.4,NA,284.321739130435,NA,"Rodents",4.73869565217391,NA,0.642
"124","Y","Aves","Falconiformes","Falconidae","Caracara plancus","Southern crested caracara","carnivore","label-solution",1348,"label-solution",6,4020,NA,670,NA,"Flying Birds",11.1666666666667,NA,1.348
"125","Y","Mammalia","Chiroptera","Pteropodidae","Cynopterus sphinx","Greater short-nosed fruit bat","frugivore/nectarivore","fruit/nectar/pollen",75.3,"fruit/nectar/pollen",7,2809.8,NA,401.4,NA,"Bats",6.69,NA,0.0753
"126","N","Reptilia","Squamata","Iguanidae","Iguana iguana ","Green iguana","folivore","label-solution",2350,"label-solution",5,18720,NA,3744,NA,"Reptiles",62.4,NA,2.35
"127","N","Reptilia","Testudines","Chelidae","Emydura macquarii","Australian short-necked turtle","omnivore","fiber/foliage",4000,"fiber/foliage",8,90720,127920,11340,15990,"Reptiles",189,266.5,4
"128","N","Reptilia","Testudines","Chelidae","Emydura macquarii","Australian short-necked turtle","omnivore","protein",4000,"protein",8,38160,57720,4770,7215,"Reptiles",79.5,120.25,4
"129","N","Mammalia","Primates","Cercopithecidae","Cercopithecus albogularis schwarzi","samango monkey","frugivore/nectarivore","fruit/nectar/pollen",5350,"fruit/nectar/pollen",2,2505,NA,1252.5,NA,"Primates",20.875,NA,5.35
"130","N","Mammalia","Primates","Hominidae","Pongo pygmaeus","Orangutans","frugivore/nectarivore","fruit/nectar/pollen",72491.66667,"fruit/nectar/pollen",6,27516,NA,4586,NA,"Primates",76.4333333333333,NA,72.49166667
"131","Y","Mammalia","Chiroptera","Pteropodidae","Pteropus poliocephalus","Grey-headed flying fox","frugivore/nectarivore","fruit/nectar/pollen",692,"fruit/nectar/pollen",1,28.5,NA,28.5,NA,"Bats",0.475,NA,0.692
"132","Y","Mammalia","Chiroptera","Pteropodidae","Pteropus alecto","Black flying fox","frugivore/nectarivore","fruit/nectar/pollen",540,"fruit/nectar/pollen",1,30,NA,30,NA,"Bats",0.5,NA,0.54
"133","N","Mammalia","Artiodactyla","Camelidae","Llama glama","llama","folivore","label-solution",2500,"label-solution",6,19800,NA,3300,NA,"Ungulates",55,NA,2.5
"134","N","Mammalia","Carnivora","Mustelidae","Martes melampus","Japanese marten","omnivore","protein",1400,"protein",4,1776,NA,444,NA,"Carnivores",7.4,NA,1.4
"135","N","Mammalia","Primates","Cercopithecidae","Macaca fuscata","Japanese macaques","frugivore/nectarivore","fruit/nectar/pollen",8600,"fruit/nectar/pollen",5,6600,10800,1320,2160,"Primates",22,36,8.6
"136","Y","Mammalia","Chiroptera","Pteropodidae","Nyctimene rabori","Philippine tube-nosed fruit bat","frugivore/nectarivore","fruit/nectar/pollen",75,"fruit/nectar/pollen",3,172.5,NA,57.5,NA,"Bats",0.958333333333333,NA,0.075
"137","Y","Mammalia","Chiroptera","Pteropodidae","Ptenochirus jagori","Greater musky fruit bat","frugivore/nectarivore","fruit/nectar/pollen",79.5,"fruit/nectar/pollen",5,287.5,NA,57.5,NA,"Bats",0.958333333333333,NA,0.0795
"138","N","Reptilia","Testudines","Cheloniidae","Caretta caretta","Loggerhead sea turtle","omnivore","protein",13300,"protein",30,439344,NA,14644.8,NA,"Reptiles",244.08,NA,13.3
"139","N","Reptilia","Testudines","Cheloniidae","Caretta caretta","Loggerhead sea turtle","omnivore","protein",14380,"protein",30,439344,NA,14644.8,NA,"Reptiles",244.08,NA,14.38
"140","N","Aves","Struthioniformes","Struthionidae","Struthio camelus","Common ostrich","omnivore","label-solution",56558,"label-solution",10,10800,NA,1080,NA,"Non-Flying Birds",18,NA,56.558
"141","Y","Mammalia","Chiroptera","Pteropodidae","Epomops buettikoferi","Buettikofer's epauletted fruit bat ","frugivore/nectarivore","fruit/nectar/pollen",136,"fruit/nectar/pollen",1,69,NA,69,NA,"Bats",1.15,NA,0.136
"142","Y","Mammalia","Chiroptera","Pteropodidae","Myonycteris torquata","little collared fruit bat","frugivore/nectarivore","fruit/nectar/pollen",48,"fruit/nectar/pollen",1,28,NA,28,NA,"Bats",0.466666666666667,NA,0.048
"143","Y","Mammalia","Chiroptera","Pteropodidae","Scotonycteris zenkeri","Zenker's fruit bat","frugivore/nectarivore","fruit/nectar/pollen",20.5,"fruit/nectar/pollen",1,24,NA,24,NA,"Bats",0.4,NA,0.0205
"144","Y","Mammalia","Chiroptera","Pteropodidae","Rousettus aegyptiacus","Egyptian fruit bat","frugivore/nectarivore","fruit/nectar/pollen",127.5,"fruit/nectar/pollen",1,20,NA,20,NA,"Bats",0.333333333333333,NA,0.1275
"145","Y","Mammalia","Chiroptera","Pteropodidae","Lissonycteris angolensis","Angolan rousette","frugivore/nectarivore","fruit/nectar/pollen",58.5,"fruit/nectar/pollen",1,50,NA,50,NA,"Bats",0.833333333333333,NA,0.0585
"146","Y","Aves","Passeriformes","Pipridae","Pipra mentalis","Red-capped manakin","frugivore/nectarivore","fruit/nectar/pollen",14.2,"fruit/nectar/pollen",6,91.39999998,NA,15.23333333,NA,"Flying Birds",0.253888888833333,NA,0.0142
"147","Y","Aves","Passeriformes","Pipridae","Manacus vittelinus","golden-collared manakin","frugivore/nectarivore","fruit/nectar/pollen",17.9,"fruit/nectar/pollen",8,133.86666664,NA,16.73333333,NA,"Flying Birds",0.278888888833333,NA,0.0179
"148","N","Reptilia","Testudines","Cheloniidae","Chelonia mydas","green sea turtle","omnivore","protein",7500,"protein",13,181497.6,NA,13961.3538461538,NA,"Reptiles",232.689230769231,NA,7.5
"149","N","Reptilia","Testudines","Cheloniidae","Chelonia mydas","green sea turtle","omnivore","protein",4700,"protein",13,181497.6,NA,13961.3538461538,NA,"Reptiles",232.689230769231,NA,4.7
"150","N","Mammalia","Artiodactyla","Bovidae","Capra hircus","domestic goat","folivore","fiber/foliage",15300,"fiber/foliage",27,81864,81864,3032,3032,"Ungulates",50.5333333333333,50.5333333333333,15.3
"151","N","Mammalia","Artiodactyla","Bovidae","Capra hircus","domestic goat","folivore","fiber/foliage",15700,"fiber/foliage",27,81864,81864,3032,3032,"Ungulates",50.5333333333333,50.5333333333333,15.7
"152","N","Mammalia","Primates","Cebidae","Callithrix jacchus","common marmoset","omnivore","fruit/nectar/pollen",348,"fruit/nectar/pollen",6,1296,4896,216,816,"Primates",3.6,13.6,0.348
"153","N","Mammalia","Primates","Hominidae","Pongo pygmaeus","Bornean orangutan","frugivore/nectivore","fruit/nectar/pollen",70700,"fruit/nectar/pollen",6,8712,25002,1452,4167,"Primates",24.2,69.45,70.7
"154","N","Mammalia","Diprotodontia","Pseudocheiridae","Pseudocheirus peregrinus","common ringtail possum","folivore","fiber/foliage",700,"fiber/foliage",2,NA,5880,NA,2940,"Marsupials",NA,49,0.7
"155","N","Mammalia","Rodentia","Muridae","Uromys caudimaculatus","giant white-tailed rat","omnivore","fiber/foliage",635,"fiber/foliage",2,NA,6054,NA,3027,"Rodents",NA,50.45,0.635
"156","N","Mammalia","Rodentia","Sciuridae","Tamias amoenus","yellow-pine chipmunk","omnivore","protein",61.9,"protein",12,3420,9648,285,804,"Rodents",4.75,13.4,0.0619
"157","N","Mammalia","Rodentia","Sciuridae","Spermophilus columbianus","Columbian ground squirrel","folivore","protein",576,"protein",12,8856,16056,738,1338,"Rodents",12.3,22.3,0.576
"158","N","Mammalia","Rodentia","Sciuridae","Marmota caligata","hoary marmot","folivore","protein",2308,"protein",12,10836,19332,903,1611,"Rodents",15.05,26.85,2.308
"159","N","Mammalia","Rodentia","Cricetidae","Microtus townsendii","Townsend vole","folivore","protein",54.9,"protein",12,1224,10044,102,837,"Rodents",1.7,13.95,0.0549
"160","N","Mammalia","Diprotodontia","Phalangeridae","Phalanger gymnotis","ground cuscus","frugivore/nectivore","fiber/foliage",2530,"fiber/foliage",12,21780,69408,1815,5784,"Marsupials",30.25,96.4,2.53
"161","N","Reptilia","Squamata","Viperidae","Bitis gabonica","Gaboon viper","carnivore","",1172,"",8,1324800,NA,165600,NA,"Reptiles",2760,NA,1.172
"162","N","Reptilia","Squamata","Boidae","Corallus caninus","emerald tree boa","carnivore","",1500,"",8,292608,NA,36576,NA,"Reptiles",609.6,NA,1.5
"163","N","Reptilia","Squamata","Boidae","Python molurus","Indian python","carnivore","",91000,"",7,352800,NA,50400,NA,"Reptiles",840,NA,91
"164","N","Reptilia","Squamata","Colubridae","Elaphe obsoleta","black rat snake","carnivore","",500,"",10,37440,NA,3744,NA,"Reptiles",62.4,NA,0.5
"165","N","Reptilia","Squamata","Colubridae","Uromacer oxyrhynchus","pointed snake","carnivore","",NA,"",2,5184,NA,2592,NA,"Reptiles",43.2,NA,NA
"166","N","Reptilia","Squamata","Viperidae","Atheris nitscheri","Great Lakes bush viper","carnivore","",NA,"",3,31104,NA,10368,NA,"Reptiles",172.8,NA,NA
"167","N","Reptilia","Squamata","Viperidae","Bitis arietans","puff ader","carnivore","",945.4,"",5,212400,NA,42480,NA,"Reptiles",708,NA,0.9454
"168","N","Mammalia","Peramelemorphia","Peramelidae","Perameles nasuta","long-nosed bandicoot","omnivore","protein",795,"protein",12,5562,12744,463.5,1062,"Marsupials",7.725,17.7,0.795
"169","N","Mammalia","Peramelemorphia","Peramelidae","Perameles nasuta","long-nosed bandicoot","omnivore","fiber/foliage",710,"fiber/foliage",8,9888,14484,1236,1810.5,"Marsupials",20.6,30.175,0.71
"170","N","Mammalia","Artiodactyla","Bovidae","Tragelaphus spekii","sitatunga","folivore","fiber/foliage",50000,"fiber/foliage",8,NA,17808,NA,2226,"Ungulates",NA,37.1,50
"171","N","Mammalia","Artiodactyla","Bovidae","Tragelaphus angasii","nyala","folivore","fiber/foliage",64000,"fiber/foliage",12,NA,21636,NA,1803,"Ungulates",NA,30.05,64
"172","N","Mammalia","Artiodactyla","Bovidae","Kobus ellipsiprymnus","waterbuck","folivore","fiber/foliage",173500,"fiber/foliage",10,NA,20265,NA,2026.5,"Ungulates",NA,33.775,173.5
"173","N","Mammalia","Artiodactyla","Giraffidae","Giraffa camelopardalis","giraffe","folivore","fiber/foliage",665200,"fiber/foliage",24,NA,54712.8,NA,2279.7,"Ungulates",NA,37.995,665.2
"174","N","Mammalia","Artiodactyla","Bovidae","Bos taurus","domestic cow","folivore","fiber/foliage",680000,"fiber/foliage",4,NA,7356,NA,1839,"Ungulates",NA,30.65,680
"175","N","Mammalia","Artiodactyla","Cervidae","Alces alces","moose","folivore","fiber/foliage",280142.8571,"fiber/foliage",24,NA,48394.285716,NA,2016.4285715,"Ungulates",NA,33.6071428583333,280.1428571
"176","N","Mammalia","Artiodactyla","Bovidae","Bison bonasus","European bison","folivore","fiber/foliage",188000,"fiber/foliage",4,NA,6948,NA,1737,"Ungulates",NA,28.95,188
"177","N","Mammalia","Artiodactyla","Bovidae","Tragelaphus eurycerus","bongo","folivore","fiber/foliage",183000,"fiber/foliage",6,NA,12690,NA,2115,"Ungulates",NA,35.25,183
"178","N","Mammalia","Artiodactyla","Bovidae","Oryx leucoryx","Arabian oryx","folivore","fiber/foliage",70000,"fiber/foliage",2,NA,4488,NA,2244,"Ungulates",NA,37.4,70
"179","N","Mammalia","Artiodactyla","Bovidae","Litocranius walleri","gerenuk","folivore","fiber/foliage",37000,"fiber/foliage",2,NA,4686,NA,2343,"Ungulates",NA,39.05,37
"180","N","Mammalia","Diprotodontia","Phalangeridae","Trichosurus vulpecula","silver-gray brushtail possum","folivore","fiber/foliage",2600,"fiber/foliage",8,2784,17400,348,2175,"Marsupials",5.8,36.25,2.6
"181","N","Mammalia","Diprotodontia","Pseudocheiridae","Pseudocheirus peregrinus","ringtail possum","folivore","fiber/foliage",661,"fiber/foliage",8,3060,93600,382.5,11700,"Marsupials",6.375,195,0.661
"182","N","Mammalia","Rodentia","Cricetidae","Mesocricetus auratus","golden hamster","omnivore","fiber/foliage",105,"fiber/foliage",6,1188,3276,198,546,"Rodents",3.3,9.1,0.105
"183","N","Mammalia","Rodentia","Muridae","Rattus norvegicus","common rat","omnivore","fiber/foliage",295,"fiber/foliage",12,4752,9072,396,756,"Rodents",6.6,12.6,0.295
"184","N","Mammalia","Rodentia","Caviidae","Dolichotis patagonum","Patagonian mara","folivore","fiber/foliage",7400,"fiber/foliage",6,3600,9738,600,1623,"Rodents",10,27.05,7.4
"185","N","Mammalia","Rodentia","Caviidae","Cavia porcellus","guinea pig","folivore","",498,"",10,3000,11250,300,1125,"Rodents",5,18.75,0.498
"186","N","Mammalia","Rodentia","Octodontidae","Octodon degus","degu","folivore","",177,"",16,4944,16752,309,1047,"Rodents",5.15,17.45,0.177
"187","N","Mammalia","Rodentia","Cricetidae","Phyllotis darwini","Darwin's leaf-eared mouse","omnivore","",81,"",12,3564,6444,297,537,"Rodents",4.95,8.95,0.081
"188","N","Mammalia","Primates","Cercopithecidae","Macaca fuscata","Japanese macaque","frugivore/nectivore","",9200,"",20,NA,46875,NA,2343.75,"Primates",NA,39.0625,9.2
"189","N","Mammalia","Primates","Cercopithecidae","Macaca fuscata","Japanese macaque","frugivore/nectivore","",13600,"",20,NA,46875,NA,2343.75,"Primates",NA,39.0625,13.6
"190","N","Mammalia","Diprotodontia","Phalangeridae","Trichosurus vulpecula","silver-gray brushtail possum","folivore","",2850,"",2,NA,8100,NA,4050,"Marsupials",NA,67.5,2.85
"191","N","Aves","Struthioniformes","Struthionidae","Struthio camelus","common ostrich","omnivore","",109000,"",18,NA,33444,NA,1858,"Non-Flying Birds",NA,30.9666666666667,109
"192","N","Aves","Struthioniformes","Rheidae","Rhea americana","greater rhea","omnivore","",24000,"",15,NA,11310,NA,754,"Non-Flying Birds",NA,12.5666666666667,24
"193","N","Aves","Struthioniformes","Dromaiidae","Dromaius novaehollandiae","emu","omnivore","",33000,"",6,NA,471,NA,78.5,"Non-Flying Birds",NA,1.30833333333333,33
